[{"model": "tests.provider", "pk": 1, "fields": {"name": "Provider0"}}, {"model": "tests.provider", "pk": 2, "fields": {"name": "Provider1"}}, {"model": "tests.provider", "pk": 3, "fields": {"name": "Provider2"}}, {"model": "tests.provider", "pk": 4, "fields": {"name": "provider3"}}, {"model": "tests.provider", "pk": 5, "fields": {"name": "ProviderApple"}}, {"model": "tests.brand", "pk": 1, "fields": {"provider": [1, 2], "name": "HTC"}}, {"model": "tests.brand", "pk": 2, "fields": {"provider": [2, 3, 4], "name": "Samsung"}}, {"model": "tests.brand", "pk": 3, "fields": {"provider": [5], "name": "Apple"}}, {"model": "tests.modeldevice", "pk": 1, "fields": {"name": "M9", "brand": 1}}, {"model": "tests.modeldevice", "pk": 2, "fields": {"name": "A9", "brand": 1}}, {"model": "tests.modeldevice", "pk": 3, "fields": {"name": "Iphone6s", "brand": 3}}, {"model": "tests.modeldevice", "pk": 4, "fields": {"name": "Iphone7", "brand": 3}}, {"model": "tests.modeldevice", "pk": 5, "fields": {"name": "Galaxy", "brand": 2}}, {"model": "tests.device", "pk": 1, "fields": {"inventory_number": 1, "model_device": 1}}, {"model": "tests.device", "pk": 2, "fields": {"inventory_number": 2, "model_device": 1}}, {"model": "tests.device", "pk": 3, "fields": {"inventory_number": 3, "model_device": 1}}, {"model": "tests.device", "pk": 4, "fields": {"inventory_number": 4, "model_device": 1}}, {"model": "tests.device", "pk": 5, "fields": {"inventory_number": 5, "model_device": 1}}, {"model": "tests.device", "pk": 6, "fields": {"inventory_number": 10, "model_device": 2}}, {"model": "tests.device", "pk": 7, "fields": {"inventory_number": 11, "model_device": 2}}, {"model": "tests.device", "pk": 8, "fields": {"inventory_number": 12, "model_device": 2}}, {"model": "tests.device", "pk": 9, "fields": {"inventory_number": 13, "model_device": 2}}, {"model": "tests.device", "pk": 10, "fields": {"inventory_number": 14, "model_device": 2}}, {"model": "tests.device", "pk": 11, "fields": {"inventory_number": 20, "model_device": 3}}, {"model": "tests.device", "pk": 12, "fields": {"inventory_number": 21, "model_device": 3}}, {"model": "tests.device", "pk": 13, "fields": {"inventory_number": 22, "model_device": 3}}, {"model": "tests.device", "pk": 14, "fields": {"inventory_number": 23, "model_device": 3}}, {"model": "tests.device", "pk": 15, "fields": {"inventory_number": 24, "model_device": 3}}, {"model": "tests.device", "pk": 16, "fields": {"inventory_number": 25, "model_device": 3}}, {"model": "tests.device", "pk": 17, "fields": {"inventory_number": 26, "model_device": 3}}, {"model": "tests.device", "pk": 18, "fields": {"inventory_number": 27, "model_device": 4}}, {"model": "tests.device", "pk": 19, "fields": {"inventory_number": 28, "model_device": 4}}, {"model": "tests.device", "pk": 20, "fields": {"inventory_number": 29, "model_device": 4}}, {"model": "tests.device", "pk": 21, "fields": {"inventory_number": 30, "model_device": 4}}, {"model": "tests.device", "pk": 22, "fields": {"inventory_number": 31, "model_device": 4}}, {"model": "tests.device", "pk": 23, "fields": {"inventory_number": 32, "model_device": 4}}, {"model": "tests.device", "pk": 24, "fields": {"inventory_number": 100, "model_device": 5}}, {"model": "tests.device", "pk": 25, "fields": {"inventory_number": 101, "model_device": 5}}, {"model": "tests.device", "pk": 26, "fields": {"inventory_number": 102, "model_device": 5}}, {"model": "tests.device", "pk": 27, "fields": {"inventory_number": 103, "model_device": 5}}, {"model": "tests.device", "pk": 28, "fields": {"inventory_number": 104, "model_device": 5}}, {"model": "tests.device", "pk": 29, "fields": {"inventory_number": 105, "model_device": 5}}, {"model": "tests.device", "pk": 30, "fields": {"inventory_number": 106, "model_device": 5}}, {"model": "tests.device", "pk": 31, "fields": {"inventory_number": 107, "model_device": 5}}, {"model": "tests.device", "pk": 32, "fields": {"inventory_number": 108, "model_device": 5}}, {"model": "tests.device", "pk": 33, "fields": {"inventory_number": 109, "model_device": 5}}, {"model": "tests.device", "pk": 34, "fields": {"inventory_number": 110, "model_device": 5}}, {"model": "tests.device", "pk": 35, "fields": {"inventory_number": 111, "model_device": 5}}, {"model": "tests.device", "pk": 36, "fields": {"inventory_number": 112, "model_device": 5}}, {"model": "tests.device", "pk": 37, "fields": {"inventory_number": 113, "model_device": 5}}, {"model": "tests.device", "pk": 38, "fields": {"inventory_number": 114, "model_device": 5}}, {"model": "tests.device", "pk": 39, "fields": {"inventory_number": 115, "model_device": 5}}, {"model": "tests.device", "pk": 41, "fields": {"inventory_number": 211, "model_device": 1}}, {"model": "tests.device", "pk": 42, "fields": {"inventory_number": 212, "model_device": 1}}, {"model": "tests.device", "pk": 43, "fields": {"inventory_number": 213, "model_device": 1}}, {"model": "tests.device", "pk": 44, "fields": {"inventory_number": 214, "model_device": 1}}, {"model": "tests.device", "pk": 45, "fields": {"inventory_number": 215, "model_device": 1}}, {"model": "tests.device", "pk": 46, "fields": {"inventory_number": 2110, "model_device": 2}}, {"model": "tests.device", "pk": 47, "fields": {"inventory_number": 2111, "model_device": 2}}, {"model": "tests.device", "pk": 48, "fields": {"inventory_number": 2112, "model_device": 2}}, {"model": "tests.device", "pk": 49, "fields": {"inventory_number": 2113, "model_device": 2}}, {"model": "tests.device", "pk": 91, "fields": {"inventory_number": 901, "model_device": 1}}, {"model": "tests.device", "pk": 92, "fields": {"inventory_number": 902, "model_device": 1}}, {"model": "tests.device", "pk": 93, "fields": {"inventory_number": 903, "model_device": 1}}, {"model": "tests.device", "pk": 94, "fields": {"inventory_number": 904, "model_device": 1}}, {"model": "tests.device", "pk": 95, "fields": {"inventory_number": 905, "model_device": 1}}, {"model": "tests.device", "pk": 96, "fields": {"inventory_number": 9010, "model_device": 2}}, {"model": "tests.device", "pk": 97, "fields": {"inventory_number": 9011, "model_device": 2}}, {"model": "tests.device", "pk": 98, "fields": {"inventory_number": 9012, "model_device": 2}}, {"model": "tests.device", "pk": 99, "fields": {"inventory_number": 9013, "model_device": 2}}, {"model": "tests.device", "pk": 410, "fields": {"inventory_number": 2114, "model_device": 2}}, {"model": "tests.device", "pk": 411, "fields": {"inventory_number": 2120, "model_device": 3}}, {"model": "tests.device", "pk": 412, "fields": {"inventory_number": 2121, "model_device": 3}}, {"model": "tests.device", "pk": 413, "fields": {"inventory_number": 2122, "model_device": 3}}, {"model": "tests.device", "pk": 414, "fields": {"inventory_number": 2123, "model_device": 3}}, {"model": "tests.device", "pk": 415, "fields": {"inventory_number": 2124, "model_device": 3}}, {"model": "tests.device", "pk": 416, "fields": {"inventory_number": 2125, "model_device": 3}}, {"model": "tests.device", "pk": 417, "fields": {"inventory_number": 2126, "model_device": 3}}, {"model": "tests.device", "pk": 418, "fields": {"inventory_number": 2127, "model_device": 4}}, {"model": "tests.device", "pk": 419, "fields": {"inventory_number": 2128, "model_device": 4}}, {"model": "tests.device", "pk": 420, "fields": {"inventory_number": 2129, "model_device": 4}}, {"model": "tests.device", "pk": 421, "fields": {"inventory_number": 2130, "model_device": 4}}, {"model": "tests.device", "pk": 422, "fields": {"inventory_number": 2131, "model_device": 4}}, {"model": "tests.device", "pk": 423, "fields": {"inventory_number": 2132, "model_device": 4}}, {"model": "tests.device", "pk": 424, "fields": {"inventory_number": 21100, "model_device": 5}}, {"model": "tests.device", "pk": 425, "fields": {"inventory_number": 21101, "model_device": 5}}, {"model": "tests.device", "pk": 426, "fields": {"inventory_number": 21102, "model_device": 5}}, {"model": "tests.device", "pk": 427, "fields": {"inventory_number": 21103, "model_device": 5}}, {"model": "tests.device", "pk": 428, "fields": {"inventory_number": 21104, "model_device": 5}}, {"model": "tests.device", "pk": 429, "fields": {"inventory_number": 21105, "model_device": 5}}, {"model": "tests.device", "pk": 430, "fields": {"inventory_number": 21106, "model_device": 5}}, {"model": "tests.device", "pk": 431, "fields": {"inventory_number": 21107, "model_device": 5}}, {"model": "tests.device", "pk": 432, "fields": {"inventory_number": 21108, "model_device": 5}}, {"model": "tests.device", "pk": 433, "fields": {"inventory_number": 21109, "model_device": 5}}, {"model": "tests.device", "pk": 434, "fields": {"inventory_number": 21110, "model_device": 5}}, {"model": "tests.device", "pk": 435, "fields": {"inventory_number": 21111, "model_device": 5}}, {"model": "tests.device", "pk": 436, "fields": {"inventory_number": 21112, "model_device": 5}}, {"model": "tests.device", "pk": 437, "fields": {"inventory_number": 21113, "model_device": 5}}, {"model": "tests.device", "pk": 438, "fields": {"inventory_number": 21114, "model_device": 5}}, {"model": "tests.device", "pk": 439, "fields": {"inventory_number": 21115, "model_device": 5}}, {"model": "tests.device", "pk": 910, "fields": {"inventory_number": 9014, "model_device": 2}}, {"model": "tests.device", "pk": 911, "fields": {"inventory_number": 9020, "model_device": 3}}, {"model": "tests.device", "pk": 912, "fields": {"inventory_number": 9021, "model_device": 3}}, {"model": "tests.device", "pk": 913, "fields": {"inventory_number": 9022, "model_device": 3}}, {"model": "tests.device", "pk": 914, "fields": {"inventory_number": 9023, "model_device": 3}}, {"model": "tests.device", "pk": 915, "fields": {"inventory_number": 9024, "model_device": 3}}, {"model": "tests.device", "pk": 916, "fields": {"inventory_number": 9025, "model_device": 3}}, {"model": "tests.device", "pk": 917, "fields": {"inventory_number": 9026, "model_device": 3}}, {"model": "tests.device", "pk": 918, "fields": {"inventory_number": 9027, "model_device": 4}}, {"model": "tests.device", "pk": 919, "fields": {"inventory_number": 9028, "model_device": 4}}, {"model": "tests.device", "pk": 920, "fields": {"inventory_number": 9029, "model_device": 4}}, {"model": "tests.device", "pk": 921, "fields": {"inventory_number": 9030, "model_device": 4}}, {"model": "tests.device", "pk": 922, "fields": {"inventory_number": 9031, "model_device": 4}}, {"model": "tests.device", "pk": 923, "fields": {"inventory_number": 9032, "model_device": 4}}, {"model": "tests.device", "pk": 924, "fields": {"inventory_number": 90100, "model_device": 5}}, {"model": "tests.device", "pk": 925, "fields": {"inventory_number": 90101, "model_device": 5}}, {"model": "tests.device", "pk": 926, "fields": {"inventory_number": 90102, "model_device": 5}}, {"model": "tests.device", "pk": 927, "fields": {"inventory_number": 90103, "model_device": 5}}, {"model": "tests.device", "pk": 928, "fields": {"inventory_number": 90104, "model_device": 5}}, {"model": "tests.device", "pk": 929, "fields": {"inventory_number": 90105, "model_device": 5}}, {"model": "tests.device", "pk": 930, "fields": {"inventory_number": 90106, "model_device": 5}}, {"model": "tests.device", "pk": 931, "fields": {"inventory_number": 90107, "model_device": 5}}, {"model": "tests.device", "pk": 932, "fields": {"inventory_number": 90108, "model_device": 5}}, {"model": "tests.device", "pk": 933, "fields": {"inventory_number": 90109, "model_device": 5}}, {"model": "tests.device", "pk": 934, "fields": {"inventory_number": 90110, "model_device": 5}}, {"model": "tests.device", "pk": 935, "fields": {"inventory_number": 90111, "model_device": 5}}, {"model": "tests.device", "pk": 936, "fields": {"inventory_number": 90112, "model_device": 5}}, {"model": "tests.device", "pk": 937, "fields": {"inventory_number": 90113, "model_device": 5}}, {"model": "tests.device", "pk": 938, "fields": {"inventory_number": 90114, "model_device": 5}}, {"model": "tests.device", "pk": 939, "fields": {"inventory_number": 90115, "model_device": 5}}, {"model": "tests.device", "pk": 941, "fields": {"inventory_number": 90211, "model_device": 1}}, {"model": "tests.device", "pk": 942, "fields": {"inventory_number": 90212, "model_device": 1}}, {"model": "tests.device", "pk": 943, "fields": {"inventory_number": 90213, "model_device": 1}}, {"model": "tests.device", "pk": 944, "fields": {"inventory_number": 90214, "model_device": 1}}, {"model": "tests.device", "pk": 945, "fields": {"inventory_number": 90215, "model_device": 1}}, {"model": "tests.device", "pk": 946, "fields": {"inventory_number": 902110, "model_device": 2}}, {"model": "tests.device", "pk": 947, "fields": {"inventory_number": 902111, "model_device": 2}}, {"model": "tests.device", "pk": 948, "fields": {"inventory_number": 902112, "model_device": 2}}, {"model": "tests.device", "pk": 949, "fields": {"inventory_number": 902113, "model_device": 2}}, {"model": "tests.device", "pk": 9410, "fields": {"inventory_number": 902114, "model_device": 2}}, {"model": "tests.device", "pk": 9411, "fields": {"inventory_number": 902120, "model_device": 3}}, {"model": "tests.device", "pk": 9412, "fields": {"inventory_number": 902121, "model_device": 3}}, {"model": "tests.device", "pk": 9413, "fields": {"inventory_number": 902122, "model_device": 3}}, {"model": "tests.device", "pk": 9414, "fields": {"inventory_number": 902123, "model_device": 3}}, {"model": "tests.device", "pk": 9415, "fields": {"inventory_number": 902124, "model_device": 3}}, {"model": "tests.device", "pk": 9416, "fields": {"inventory_number": 902125, "model_device": 3}}, {"model": "tests.device", "pk": 9417, "fields": {"inventory_number": 902126, "model_device": 3}}, {"model": "tests.device", "pk": 9418, "fields": {"inventory_number": 902127, "model_device": 4}}, {"model": "tests.device", "pk": 9419, "fields": {"inventory_number": 902128, "model_device": 4}}, {"model": "tests.device", "pk": 9420, "fields": {"inventory_number": 902129, "model_device": 4}}, {"model": "tests.device", "pk": 9421, "fields": {"inventory_number": 902130, "model_device": 4}}, {"model": "tests.device", "pk": 9422, "fields": {"inventory_number": 902131, "model_device": 4}}, {"model": "tests.device", "pk": 9423, "fields": {"inventory_number": 902132, "model_device": 4}}, {"model": "tests.device", "pk": 9424, "fields": {"inventory_number": 9021100, "model_device": 5}}, {"model": "tests.device", "pk": 9425, "fields": {"inventory_number": 9021101, "model_device": 5}}, {"model": "tests.device", "pk": 9426, "fields": {"inventory_number": 9021102, "model_device": 5}}, {"model": "tests.device", "pk": 9427, "fields": {"inventory_number": 9021103, "model_device": 5}}, {"model": "tests.device", "pk": 9428, "fields": {"inventory_number": 9021104, "model_device": 5}}, {"model": "tests.device", "pk": 9429, "fields": {"inventory_number": 9021105, "model_device": 5}}, {"model": "tests.device", "pk": 9430, "fields": {"inventory_number": 9021106, "model_device": 5}}, {"model": "tests.device", "pk": 9431, "fields": {"inventory_number": 9021107, "model_device": 5}}, {"model": "tests.device", "pk": 9432, "fields": {"inventory_number": 9021108, "model_device": 5}}, {"model": "tests.device", "pk": 9433, "fields": {"inventory_number": 9021109, "model_device": 5}}, {"model": "tests.device", "pk": 9434, "fields": {"inventory_number": 9021110, "model_device": 5}}, {"model": "tests.device", "pk": 9435, "fields": {"inventory_number": 9021111, "model_device": 5}}, {"model": "tests.device", "pk": 9436, "fields": {"inventory_number": 9021112, "model_device": 5}}, {"model": "tests.device", "pk": 9437, "fields": {"inventory_number": 9021113, "model_device": 5}}, {"model": "tests.device", "pk": 9438, "fields": {"inventory_number": 9021114, "model_device": 5}}, {"model": "tests.device", "pk": 9439, "fields": {"inventory_number": 9021115, "model_device": 5}}]